id,category,value,score,timestamp,is_active
1,Category_3,102.75781947606606,0.10547369995663058,2024-01-01 00:00:00,True
2,Category_4,112.53115526624882,0.656780104724294,2024-01-01 01:00:00,True
3,Category_2,107.91925566019472,0.8221031606002255,2024-01-01 02:00:00,True
4,Category_4,106.98758256773581,0.38042000750756233,2024-01-01 03:00:00,True
5,Category_4,85.75585987816083,0.7756118509253275,2024-01-01 04:00:00,True
6,Category_1,109.35099511064261,0.9644766539008116,2024-01-01 05:00:00,False
7,Category_2,136.80110438993853,0.2037664591276891,2024-01-01 06:00:00,True
8,Category_2,122.83949689386877,0.5233296311947413,2024-01-01 07:00:00,False
9,Category_2,129.71288902046388,0.28713795808457554,2024-01-01 08:00:00,True
10,Category_4,93.61483673258364,0.7928544190338394,2024-01-01 09:00:00,True
11,Category_3,77.63606502057061,0.5775933658811575,2024-01-01 10:00:00,False
12,Category_2,97.86483826485563,0.6345824175503038,2024-01-01 11:00:00,True
13,Category_4,103.1379837382369,0.7979141596158941,2024-01-01 12:00:00,True
14,Category_1,119.3632754994425,0.3959704726624549,2024-01-01 13:00:00,True
15,Category_3,66.52170467797878,0.9150900684070432,2024-01-01 14:00:00,True
16,Category_1,132.47484165331062,0.53302886724614,2024-01-01 15:00:00,False
17,Category_3,96.86494734168615,0.157954822835348,2024-01-01 16:00:00,False
18,Category_4,97.22366371874385,0.6958991181688025,2024-01-01 17:00:00,True
19,Category_0,76.40647411915573,0.7932613504382544,2024-01-01 18:00:00,True
20,Category_3,69.0293588319094,0.31676167706752667,2024-01-01 19:00:00,True
21,Category_1,116.11633351112422,0.857179256998753,2024-01-01 20:00:00,False
22,Category_4,103.01678723475827,0.9061432547657664,2024-01-01 21:00:00,True
23,Category_3,75.08716243222285,0.2769044873778089,2024-01-01 22:00:00,True
24,Category_0,72.62585539554507,0.9835214727152221,2024-01-01 23:00:00,True
25,Category_0,93.74425305869482,0.14071152804875842,2024-01-02 00:00:00,True
26,Category_2,129.64877223658704,0.20201566840248997,2024-01-02 01:00:00,True
27,Category_2,96.01981609954055,0.18422483923802613,2024-01-02 02:00:00,False
28,Category_1,70.53600235965162,0.8939897100078704,2024-01-02 03:00:00,True
29,Category_3,96.36790939362159,0.6542925523249619,2024-01-02 04:00:00,True
30,Category_3,96.67079525717857,0.15210428322227287,2024-01-02 05:00:00,False
31,Category_2,46.80064409631244,0.440323418368349,2024-01-02 06:00:00,False
32,Category_3,99.21154530717196,0.615298025069802,2024-01-02 07:00:00,True
33,Category_3,93.61165366852258,0.08346408498938329,2024-01-02 08:00:00,True
34,Category_0,112.49360766339589,0.8824163684073387,2024-01-02 09:00:00,True
35,Category_2,139.36271875513341,0.8036035354415352,2024-01-02 10:00:00,True
36,Category_4,125.41622911610091,0.5052067735766382,2024-01-02 11:00:00,True
37,Category_2,94.14397327727659,0.9671266152591704,2024-01-02 12:00:00,True
38,Category_4,77.96187990799517,0.4177609792750997,2024-01-02 13:00:00,True
39,Category_0,149.6502473186884,0.9841103190364978,2024-01-02 14:00:00,False
40,Category_1,103.53989070009897,0.6679199988036271,2024-01-02 15:00:00,True
41,Category_3,101.61509816550101,0.6346712732539415,2024-01-02 16:00:00,True
42,Category_0,103.4164995173365,0.165954895295785,2024-01-02 17:00:00,True
43,Category_3,102.1975534351131,0.881927758304644,2024-01-02 18:00:00,False
44,Category_1,96.35355003686836,0.42748968792061515,2024-01-02 19:00:00,False
45,Category_1,88.9916268713614,0.16223340578247936,2024-01-02 20:00:00,False
46,Category_0,90.36131740468296,0.01260751997575904,2024-01-02 21:00:00,False
47,Category_1,98.91175880885457,0.5597556836383826,2024-01-02 22:00:00,False
48,Category_4,87.37813252982973,0.5273996221226763,2024-01-02 23:00:00,True
49,Category_1,87.51342135295836,0.7193536223691586,2024-01-03 00:00:00,True
50,Category_3,103.57702946186039,0.8902580530178021,2024-01-03 01:00:00,True
51,Category_3,93.06008794981388,0.07940658464302952,2024-01-03 02:00:00,False
52,Category_3,132.80231274856882,0.7314964903403623,2024-01-03 03:00:00,False
53,Category_3,49.330987748625276,0.18741194409758222,2024-01-03 04:00:00,True
54,Category_4,122.09987612181249,0.858177053157164,2024-01-03 05:00:00,True
55,Category_2,125.08157886437958,0.8190635138616561,2024-01-03 06:00:00,True
56,Category_0,59.64503923364978,0.5407937549855444,2024-01-03 07:00:00,False
57,Category_3,91.41548818745191,0.7102427986233115,2024-01-03 08:00:00,True
58,Category_1,92.63150192762804,0.3143501131837484,2024-01-03 09:00:00,True
59,Category_3,67.52663053422366,0.47116789893281463,2024-01-03 10:00:00,True
60,Category_1,86.20405722837536,0.8216368977104717,2024-01-03 11:00:00,True
61,Category_1,74.65217083287195,0.4592651971732139,2024-01-03 12:00:00,False
62,Category_3,138.06507873880665,0.3577982653254418,2024-01-03 13:00:00,True
63,Category_4,118.05051042384117,0.4942124472502999,2024-01-03 14:00:00,False
64,Category_1,125.00596156596191,0.8282492524372184,2024-01-03 15:00:00,True
65,Category_1,113.17261637557439,0.33520804737087273,2024-01-03 16:00:00,True
66,Category_3,76.84042869857021,0.1737615931357438,2024-01-03 17:00:00,True
67,Category_1,92.3587631382422,0.7120140203307808,2024-01-03 18:00:00,False
68,Category_1,104.79064290498712,0.8259782127080818,2024-01-03 19:00:00,True
69,Category_3,78.12227224128571,0.10063747852353333,2024-01-03 20:00:00,True
70,Category_3,114.9389002644828,0.23987411275594472,2024-01-03 21:00:00,True
71,Category_0,92.76914799537006,0.1419719897609939,2024-01-03 22:00:00,False
72,Category_4,90.34378232644814,0.3479414115821666,2024-01-03 23:00:00,True
73,Category_4,117.58629178853826,0.45035097890541265,2024-01-04 00:00:00,False
74,Category_1,106.98618349609728,0.7488263369633065,2024-01-04 01:00:00,True
75,Category_4,90.46413294718221,0.6511475848816741,2024-01-04 02:00:00,True
76,Category_1,125.47093101600011,0.6209285674784312,2024-01-04 03:00:00,True
77,Category_0,79.0587284172741,0.3523749466096544,2024-01-04 04:00:00,True
78,Category_3,110.43485671106222,0.8414475530847599,2024-01-04 05:00:00,True
79,Category_3,112.29712379184663,0.47128716739816456,2024-01-04 06:00:00,True
80,Category_3,91.74881205348306,0.9791049380151545,2024-01-04 07:00:00,True
81,Category_4,108.73369767248717,0.6341421382957368,2024-01-04 08:00:00,False
82,Category_0,77.10952816208783,0.12626474156450274,2024-01-04 09:00:00,True
83,Category_4,119.54909293282454,0.676177562075434,2024-01-04 10:00:00,False
84,Category_4,97.02836581602544,0.325104015431699,2024-01-04 11:00:00,True
85,Category_0,93.0829458523859,0.6863271966860974,2024-01-04 12:00:00,True
86,Category_0,120.97955449462619,0.06964114816240574,2024-01-04 13:00:00,True
87,Category_0,83.53929180198628,0.1748814371759594,2024-01-04 14:00:00,True
88,Category_0,72.73355771733407,0.8557372589057863,2024-01-04 15:00:00,True
89,Category_3,73.05731299388417,0.2271795570235149,2024-01-04 16:00:00,True
90,Category_2,110.08202006368141,0.83704112524294,2024-01-04 17:00:00,True
91,Category_2,73.66540268654468,0.27927608845441043,2024-01-04 18:00:00,True
92,Category_0,135.93232967431825,0.6428819100587077,2024-01-04 19:00:00,False
93,Category_2,58.25314211930505,0.694150573509831,2024-01-04 20:00:00,False
94,Category_2,131.9561372075651,0.5126547531450529,2024-01-04 21:00:00,True
95,Category_0,106.47363901284486,0.3053106766967313,2024-01-04 22:00:00,True
96,Category_2,102.72561847837635,0.21264437637109612,2024-01-04 23:00:00,True
97,Category_4,89.49555497147908,0.03318935456242622,2024-01-05 00:00:00,True
98,Category_1,106.16687037155015,0.3039464012407238,2024-01-05 01:00:00,True
99,Category_1,96.13616604274675,0.653162790531283,2024-01-05 02:00:00,True
100,Category_0,122.58419117471443,0.9383048184484827,2024-01-05 03:00:00,True
101,Category_3,104.50172817016488,0.871204482263052,2024-01-05 04:00:00,True
102,Category_0,103.96042581283524,0.7660647765353026,2024-01-05 05:00:00,True
103,Category_3,92.72292755946094,0.7884473432532987,2024-01-05 06:00:00,False
104,Category_1,97.67751536649013,0.6649849034759953,2024-01-05 07:00:00,False
105,Category_0,103.96238756714297,0.260286857566003,2024-01-05 08:00:00,True
106,Category_4,67.47325858324936,0.9071950307058299,2024-01-05 09:00:00,False
107,Category_2,74.87163294509345,0.670732311905834,2024-01-05 10:00:00,False
108,Category_3,111.76063101960628,0.56044063098044,2024-01-05 11:00:00,True
109,Category_2,106.61055443506781,0.11098946921348107,2024-01-05 12:00:00,True
110,Category_2,97.47337484947731,0.4470555438064254,2024-01-05 13:00:00,True
111,Category_0,103.17981211898223,0.4603582712019263,2024-01-05 14:00:00,False
112,Category_2,104.25592486647203,0.86456360952267,2024-01-05 15:00:00,False
113,Category_4,86.46150211360226,0.5466482201877885,2024-01-05 16:00:00,True
114,Category_2,84.13469556548974,0.38040054897040965,2024-01-05 17:00:00,True
115,Category_0,104.92676472762795,0.9768003285106593,2024-01-05 18:00:00,True
116,Category_4,84.04059627106098,0.11072059332631567,2024-01-05 19:00:00,True
117,Category_1,109.58323863283049,0.4225484283119446,2024-01-05 20:00:00,True
118,Category_2,65.46089431497647,0.04202467517140529,2024-01-05 21:00:00,False
119,Category_0,118.52161527679674,0.7399041207669304,2024-01-05 22:00:00,True
120,Category_1,111.92244764203481,0.9180765521991506,2024-01-05 23:00:00,False
121,Category_1,103.18295102028212,0.28003732955048943,2024-01-06 00:00:00,False
122,Category_3,122.92465417014559,0.8583416767991209,2024-01-06 01:00:00,False
123,Category_4,132.7382926460174,0.29221823046189777,2024-01-06 02:00:00,True
124,Category_2,123.482139503328,0.9107701616439152,2024-01-06 03:00:00,True
125,Category_0,64.54617196605778,0.7539619035967839,2024-01-06 04:00:00,True
126,Category_3,74.13330056428255,0.8049067768414386,2024-01-06 05:00:00,True
127,Category_4,86.46040316389552,0.0180065556004545,2024-01-06 06:00:00,True
128,Category_3,99.83709593520037,0.962810357074026,2024-01-06 07:00:00,True
129,Category_4,111.21346905695086,0.7266709920703233,2024-01-06 08:00:00,True
130,Category_4,85.64009518437571,0.3047510953861333,2024-01-06 09:00:00,True
131,Category_2,102.5426448755276,0.8293946648588469,2024-01-06 10:00:00,True
132,Category_4,84.55966503068514,0.28152119841492995,2024-01-06 11:00:00,True
133,Category_3,87.9274685774689,0.872753839566128,2024-01-06 12:00:00,False
134,Category_4,67.59114321686317,0.11258039041193701,2024-01-06 13:00:00,False
135,Category_2,82.45558132278519,0.7036859774607958,2024-01-06 14:00:00,True
136,Category_2,70.9985044786311,0.5406984766449103,2024-01-06 15:00:00,True
137,Category_3,78.1660275733264,0.09653447019544081,2024-01-06 16:00:00,True
138,Category_1,117.68374740911052,0.24189382825883898,2024-01-06 17:00:00,True
139,Category_1,77.40892811485078,0.01240403627731479,2024-01-06 18:00:00,True
140,Category_4,149.92517887569218,0.46876796546450583,2024-01-06 19:00:00,False
141,Category_0,108.442265303988,0.3012652607600004,2024-01-06 20:00:00,True
142,Category_4,107.61990989966613,0.5983574842977588,2024-01-06 21:00:00,True
143,Category_3,81.77659717740616,0.2972378077086172,2024-01-06 22:00:00,True
144,Category_3,114.36321472351132,0.2999191115069847,2024-01-06 23:00:00,True
145,Category_3,89.29162396404419,0.7431931987316034,2024-01-07 00:00:00,True
146,Category_3,102.70344517813665,0.04814283597835345,2024-01-07 01:00:00,True
147,Category_3,151.04614293995374,0.9028949951919872,2024-01-07 02:00:00,True
148,Category_2,95.67801381854353,0.8522638743911815,2024-01-07 03:00:00,True
149,Category_1,125.89970386562864,0.6678046832264065,2024-01-07 04:00:00,True
150,Category_3,89.56628743536622,0.5932215701073843,2024-01-07 05:00:00,True
151,Category_0,95.92055296044246,0.8923024981396522,2024-01-07 06:00:00,True
152,Category_0,133.3592164514213,0.18533017952871444,2024-01-07 07:00:00,False
153,Category_0,86.89865025269464,0.07896916219082861,2024-01-07 08:00:00,True
154,Category_0,134.311664186189,0.2395101699095381,2024-01-07 09:00:00,True
155,Category_2,115.17128773569988,0.7945782787001903,2024-01-07 10:00:00,True
156,Category_0,87.2879049884427,0.03467026672648332,2024-01-07 11:00:00,True
157,Category_3,116.99674354647972,0.5828068350834896,2024-01-07 12:00:00,True
158,Category_4,121.84234634562188,0.9954375161913099,2024-01-07 13:00:00,True
159,Category_0,112.86316141643816,0.8556960938375394,2024-01-07 14:00:00,False
160,Category_2,70.65824244917941,0.5214456890435895,2024-01-07 15:00:00,True
161,Category_2,87.67849510752099,0.06364090928664234,2024-01-07 16:00:00,True
162,Category_0,93.91691957423954,0.8313735143857098,2024-01-07 17:00:00,True
163,Category_4,96.87193131539031,0.5989785081772105,2024-01-07 18:00:00,False
164,Category_0,112.57039495134192,0.11493299705956683,2024-01-07 19:00:00,True
165,Category_2,105.28464548677319,0.0938572848233562,2024-01-07 20:00:00,True
166,Category_1,73.57242036719789,0.9096268194365924,2024-01-07 21:00:00,True
167,Category_3,104.43650593769526,0.6692002629380784,2024-01-07 22:00:00,True
168,Category_2,110.59921469866549,0.8292867993167555,2024-01-07 23:00:00,True
169,Category_0,111.04723194560395,0.8789789002822673,2024-01-08 00:00:00,True
170,Category_3,121.46363757073101,0.5717723520483222,2024-01-08 01:00:00,True
171,Category_0,120.64036115709787,0.5174463517550413,2024-01-08 02:00:00,True
172,Category_0,106.3997976522486,0.4304274103209902,2024-01-08 03:00:00,True
173,Category_1,99.61217896272692,0.3169465877911193,2024-01-08 04:00:00,True
174,Category_3,69.77171566599085,0.43459596085871177,2024-01-08 05:00:00,False
175,Category_3,113.15464846892641,0.7738796557301564,2024-01-08 06:00:00,True
176,Category_1,103.34150776157564,0.6019234310151316,2024-01-08 07:00:00,True
177,Category_2,106.41862951766572,0.8925232899548461,2024-01-08 08:00:00,True
178,Category_0,75.60941154374103,0.4433800143791877,2024-01-08 09:00:00,True
179,Category_4,78.77150089976496,0.607089578718754,2024-01-08 10:00:00,False
180,Category_0,120.86452311734776,0.6313075530919887,2024-01-08 11:00:00,True
181,Category_0,100.08456832415217,0.5916971623063255,2024-01-08 12:00:00,True
182,Category_2,108.5439115406485,0.7026337730855163,2024-01-08 13:00:00,True
183,Category_0,101.93632729676528,0.23743346837480628,2024-01-08 14:00:00,True
184,Category_1,100.84855540187408,0.5123637775457907,2024-01-08 15:00:00,True
185,Category_1,118.31882772095318,0.10422480280834767,2024-01-08 16:00:00,True
186,Category_3,93.79029778809016,0.38451132764481255,2024-01-08 17:00:00,True
187,Category_4,100.56678760145563,0.4876670686212644,2024-01-08 18:00:00,False
188,Category_0,89.94490238959439,0.6522242595454725,2024-01-08 19:00:00,True
189,Category_0,95.31017800961004,0.9505310525862035,2024-01-08 20:00:00,False
190,Category_2,92.14533409388994,0.6006510665483559,2024-01-08 21:00:00,False
191,Category_1,516.6887508624475,0.7435939161765598,2024-01-08 22:00:00,False
192,Category_4,90.12972200210238,0.5062660594952028,2024-01-08 23:00:00,True
193,Category_3,126.8037663198273,0.6341040313763313,2024-01-09 00:00:00,True
194,Category_1,82.52523236087573,0.07093221613377343,2024-01-09 01:00:00,False
195,Category_3,93.66628513311379,0.254391580841847,2024-01-09 02:00:00,True
196,Category_2,90.13650017159942,0.3618530932051387,2024-01-09 03:00:00,True
197,Category_2,127.71966564633892,0.47249335500651357,2024-01-09 04:00:00,False
198,Category_0,103.77599443391337,0.045648745502383736,2024-01-09 05:00:00,False
199,Category_4,121.49221226453315,0.14002409755331768,2024-01-09 06:00:00,True
200,Category_3,71.1287730269297,0.2768143077913058,2024-01-09 07:00:00,True
201,Category_1,101.77382529112242,0.9715326909010507,2024-01-09 08:00:00,True
202,Category_2,119.92957758026067,0.33134700710305076,2024-01-09 09:00:00,False
203,Category_0,102.1529729048483,0.48204105811208253,2024-01-09 10:00:00,False
204,Category_0,124.09048721938296,0.19609771273839294,2024-01-09 11:00:00,True
205,Category_3,90.54641844956696,0.6107800710757683,2024-01-09 12:00:00,True
206,Category_2,130.39899343029947,0.2806832155159743,2024-01-09 13:00:00,False
207,Category_4,146.91503460186715,0.20699257843842678,2024-01-09 14:00:00,True
208,Category_2,95.44716901987945,0.5165726284459791,2024-01-09 15:00:00,True
209,Category_3,92.13890774090379,0.005505799160420821,2024-01-09 16:00:00,False
210,Category_3,128.87102343888844,0.0076640326492253275,2024-01-09 17:00:00,True
211,Category_2,136.15570535673274,0.21906880910185778,2024-01-09 18:00:00,True
212,Category_3,91.32846076124406,0.03672136250082114,2024-01-09 19:00:00,True
213,Category_2,92.74864884591807,0.10802575413069138,2024-01-09 20:00:00,True
214,Category_1,91.80080698349168,0.3388606493387516,2024-01-09 21:00:00,False
215,Category_2,70.52338010262035,0.8025856795798129,2024-01-09 22:00:00,True
216,Category_2,82.21489007410452,0.5720486433693008,2024-01-09 23:00:00,False
217,Category_3,80.20946894117101,0.5126677259564164,2024-01-10 00:00:00,True
218,Category_3,83.41056263422372,0.29348882320812164,2024-01-10 01:00:00,True
219,Category_0,99.5894708005346,0.9317537194328164,2024-01-10 02:00:00,True
220,Category_0,107.87510587930623,0.39701504123719167,2024-01-10 03:00:00,True
221,Category_1,132.4067493833567,0.08709276679577149,2024-01-10 04:00:00,True
222,Category_0,77.74116477734492,0.6170665161178013,2024-01-10 05:00:00,True
223,Category_2,119.4624786967892,0.11383839347660141,2024-01-10 06:00:00,True
224,Category_3,94.10342055449166,0.3452231428016921,2024-01-10 07:00:00,True
225,Category_0,98.23201733565669,0.5074119387178089,2024-01-10 08:00:00,False
226,Category_0,112.66562870809737,0.8742225246851758,2024-01-10 09:00:00,True
227,Category_1,76.5861921670385,0.49354658034011867,2024-01-10 10:00:00,False
228,Category_1,105.1272128305426,0.7022587660316643,2024-01-10 11:00:00,True
229,Category_2,103.07264539373912,0.9928168389990704,2024-01-10 12:00:00,True
230,Category_3,108.72302577020838,0.13148911989798162,2024-01-10 13:00:00,True
231,Category_1,99.89947552718594,0.2747315255195195,2024-01-10 14:00:00,True
232,Category_0,153.22946694961504,0.3945760755976464,2024-01-10 15:00:00,True
233,Category_3,89.43203120439182,0.42182817853883137,2024-01-10 16:00:00,False
234,Category_3,88.62424809255356,0.41102107526554577,2024-01-10 17:00:00,False
235,Category_0,87.57498817311516,0.9076110025565549,2024-01-10 18:00:00,True
236,Category_1,86.537150001624,0.7140326444668564,2024-01-10 19:00:00,True
237,Category_0,90.65817454085695,0.6079052140907037,2024-01-10 20:00:00,False
238,Category_3,127.59109950958732,0.3093727178627821,2024-01-10 21:00:00,True
239,Category_4,128.72480964355412,0.8237903842212947,2024-01-10 22:00:00,False
240,Category_4,90.64087024341067,0.9550605114849889,2024-01-10 23:00:00,False
241,Category_2,83.70495799649626,0.8211982825502265,2024-01-11 00:00:00,False
242,Category_0,106.74345260959825,0.0015651051914729042,2024-01-11 01:00:00,True
243,Category_0,88.12837786797175,0.636401370183407,2024-01-11 02:00:00,True
244,Category_2,112.92361816443757,0.051135381442100725,2024-01-11 03:00:00,True
245,Category_2,103.14548586064211,0.25760722033372185,2024-01-11 04:00:00,True
246,Category_2,69.24594515394737,0.059524700347771686,2024-01-11 05:00:00,False
247,Category_3,130.76652490601683,0.6037954529493877,2024-01-11 06:00:00,True
248,Category_0,135.7551062475369,0.6865899134926068,2024-01-11 07:00:00,True
249,Category_3,87.84918914626138,0.11448763806590512,2024-01-11 08:00:00,False
250,Category_2,90.1157074446317,0.3838388830449795,2024-01-11 09:00:00,False
251,Category_0,104.27715648675677,0.456236508955542,2024-01-11 10:00:00,False
252,Category_3,104.10900460172847,0.3690530217609166,2024-01-11 11:00:00,False
253,Category_3,115.13486124937057,0.12102500048519305,2024-01-11 12:00:00,True
254,Category_2,135.9748272605038,0.4189477901874754,2024-01-11 13:00:00,True
255,Category_0,98.77808089873413,0.7511780478084181,2024-01-11 14:00:00,False
256,Category_2,86.81858503594145,0.07100766453325547,2024-01-11 15:00:00,True
257,Category_0,71.8066754508543,0.08018001408190345,2024-01-11 16:00:00,True
258,Category_4,80.15290980397472,0.3547712918359842,2024-01-11 17:00:00,True
259,Category_1,98.61175598736583,0.941725711618925,2024-01-11 18:00:00,True
260,Category_1,135.7622411989221,0.668572646722914,2024-01-11 19:00:00,False
261,Category_1,87.61795311494438,0.6786699566725648,2024-01-11 20:00:00,True
262,Category_2,103.44092536156688,0.36191999083786497,2024-01-11 21:00:00,True
263,Category_4,102.74499119126956,0.5936607912085384,2024-01-11 22:00:00,True
264,Category_0,125.10339429464405,0.010131184027743378,2024-01-11 23:00:00,True
265,Category_3,148.68163004093876,0.6360960464095422,2024-01-12 00:00:00,True
266,Category_0,86.17379226063365,0.9132869475762367,2024-01-12 01:00:00,True
267,Category_3,89.55438574239346,0.6125734683448192,2024-01-12 02:00:00,False
268,Category_0,120.45448233845636,0.873698593466345,2024-01-12 03:00:00,True
269,Category_4,114.63446274057709,0.7239730554660938,2024-01-12 04:00:00,True
270,Category_3,135.85894468655533,0.12055841640369025,2024-01-12 05:00:00,True
271,Category_2,112.70592800437008,0.9024533072858417,2024-01-12 06:00:00,True
272,Category_0,96.70098090584786,0.06644384435577488,2024-01-12 07:00:00,True
273,Category_0,113.45105816000651,0.5339674725477638,2024-01-12 08:00:00,False
274,Category_3,122.0774842087583,0.14213712379345766,2024-01-12 09:00:00,True
275,Category_2,116.04177967222925,0.011706610730904066,2024-01-12 10:00:00,False
276,Category_2,109.4290904984597,0.422034260127639,2024-01-12 11:00:00,True
277,Category_4,123.70485122874132,0.29504070765415624,2024-01-12 12:00:00,True
278,Category_2,122.12593141210434,0.486000493797603,2024-01-12 13:00:00,True
279,Category_2,127.73401117021122,0.5771998867345508,2024-01-12 14:00:00,False
280,Category_2,-339.2310914382771,0.04373907230894736,2024-01-12 15:00:00,True
281,Category_1,95.64978777217266,0.12300329512374564,2024-01-12 16:00:00,True
282,Category_4,100.17762998574868,0.5586423964504253,2024-01-12 17:00:00,True
283,Category_0,124.77888460797335,0.34316735317265823,2024-01-12 18:00:00,True
284,Category_3,83.53875802748576,0.729173487549448,2024-01-12 19:00:00,True
285,Category_0,108.37821617803365,0.6522916485919397,2024-01-12 20:00:00,True
286,Category_4,91.06146938538703,0.8456043629899068,2024-01-12 21:00:00,True
287,Category_3,103.02695756855958,0.6924928266692253,2024-01-12 22:00:00,True
288,Category_4,123.80800728555909,0.42993107739014813,2024-01-12 23:00:00,True
289,Category_2,107.26067251285505,0.6729666223944324,2024-01-13 00:00:00,False
290,Category_3,97.4185435801756,0.2753811742554185,2024-01-13 01:00:00,False
291,Category_2,73.67612764553455,0.3063134987782127,2024-01-13 02:00:00,False
292,Category_0,115.8799900201057,0.7889851599207933,2024-01-13 03:00:00,True
293,Category_0,111.31178018775587,0.4464195164015822,2024-01-13 04:00:00,True
294,Category_3,144.11750412778733,0.7983803405183525,2024-01-13 05:00:00,True
295,Category_3,96.41439207718007,0.8224223736682784,2024-01-13 06:00:00,True
296,Category_4,99.93045050033538,0.8575623376612838,2024-01-13 07:00:00,True
297,Category_4,105.9974537229679,0.9166352358412073,2024-01-13 08:00:00,True
298,Category_2,126.5412463338983,0.43098522051329624,2024-01-13 09:00:00,True
299,Category_3,96.15451874337236,0.31886681832113883,2024-01-13 10:00:00,True
300,Category_0,108.85266658202427,0.5821987465941139,2024-01-13 11:00:00,False
301,Category_4,110.98940118858295,0.3711724234376276,2024-01-13 12:00:00,True
302,Category_4,101.37440462031475,0.601074166800233,2024-01-13 13:00:00,True
303,Category_0,453.36881523333767,0.7055858626438246,2024-01-13 14:00:00,True
304,Category_4,108.03526008640458,0.6884050184921369,2024-01-13 15:00:00,True
305,Category_2,117.79363889156755,0.37455288702012135,2024-01-13 16:00:00,True
306,Category_3,77.35810228967259,0.16686020169875282,2024-01-13 17:00:00,False
307,Category_0,105.66703595982725,0.43052933846220753,2024-01-13 18:00:00,False
308,Category_3,89.72884205550598,0.14259414408190874,2024-01-13 19:00:00,True
309,Category_4,123.69318744587643,0.8900970351838083,2024-01-13 20:00:00,False
310,Category_4,67.04758239988723,0.3458774607378574,2024-01-13 21:00:00,False
311,Category_0,93.03113602658499,0.15445974722332378,2024-01-13 22:00:00,False
312,Category_2,110.74672928655556,0.025447759905750877,2024-01-13 23:00:00,False
313,Category_1,132.6741687067479,0.6458223862864843,2024-01-14 00:00:00,True
314,Category_0,97.05325702353238,0.6369023174547432,2024-01-14 01:00:00,True
315,Category_1,88.79753236713059,0.34060416658129167,2024-01-14 02:00:00,True
316,Category_1,137.3010527107335,0.071711888847651,2024-01-14 03:00:00,True
317,Category_2,71.70424809224704,0.409628894895232,2024-01-14 04:00:00,False
318,Category_1,58.93826661779514,0.3112174950633936,2024-01-14 05:00:00,True
319,Category_1,110.56662804513525,0.6771206397350094,2024-01-14 06:00:00,False
320,Category_2,87.79496901099877,0.6057792494526903,2024-01-14 07:00:00,False
321,Category_1,82.34008360437005,0.36459372819754,2024-01-14 08:00:00,False
322,Category_1,114.79606550166562,0.2178925542549901,2024-01-14 09:00:00,False
323,Category_1,531.2800464987076,0.9880359661555919,2024-01-14 10:00:00,True
324,Category_0,91.66402459147305,0.45400162119611487,2024-01-14 11:00:00,True
325,Category_0,72.16126528051511,0.688274235780237,2024-01-14 12:00:00,True
326,Category_0,117.37718967201832,0.14055296757836078,2024-01-14 13:00:00,True
327,Category_2,111.93657901318214,0.4855896996593978,2024-01-14 14:00:00,True
328,Category_4,94.86738373145656,0.027536719869465487,2024-01-14 15:00:00,True
329,Category_1,137.6291187057215,0.50545511791045,2024-01-14 16:00:00,False
330,Category_1,83.64285144813594,0.9640174071177023,2024-01-14 17:00:00,True
331,Category_2,65.79363783394388,0.3842067129858002,2024-01-14 18:00:00,True
332,Category_1,86.0970018969261,0.03899601257491159,2024-01-14 19:00:00,True
333,Category_0,100.37483194865847,0.03095579091934353,2024-01-14 20:00:00,True
334,Category_4,105.11399574148544,0.3879867599468695,2024-01-14 21:00:00,True
335,Category_3,94.94805730088514,0.16002493646319405,2024-01-14 22:00:00,False
336,Category_1,104.43158766618109,0.023352096328185912,2024-01-14 23:00:00,True
337,Category_0,75.43677160857342,0.7562136139501768,2024-01-15 00:00:00,False
338,Category_3,127.35530588922697,0.4585230088818907,2024-01-15 01:00:00,True
339,Category_4,93.95844418861377,0.2892447719726545,2024-01-15 02:00:00,False
340,Category_3,124.74529574557292,0.9000831830164807,2024-01-15 03:00:00,True
341,Category_0,108.77945745009484,0.11613896020052561,2024-01-15 04:00:00,True
342,Category_3,109.23882721253912,0.9559188289553192,2024-01-15 05:00:00,True
343,Category_2,111.85544990881158,0.3139667173773528,2024-01-15 06:00:00,False
344,Category_3,111.11197547617815,0.8884036723086812,2024-01-15 07:00:00,True
345,Category_1,113.30504902981467,0.6029428764794615,2024-01-15 08:00:00,True
346,Category_1,128.39880061521728,0.8267073597414875,2024-01-15 09:00:00,False
347,Category_2,103.3329202735084,0.9840131632104643,2024-01-15 10:00:00,False
348,Category_0,116.81523912315406,0.2884054378187457,2024-01-15 11:00:00,True
349,Category_1,98.84959515762124,0.961135485407593,2024-01-15 12:00:00,False
350,Category_4,129.19210423918724,0.38948189490242036,2024-01-15 13:00:00,True
351,Category_1,83.92119305584772,0.3855119047369223,2024-01-15 14:00:00,True
352,Category_1,136.5951692535507,0.3403871042545057,2024-01-15 15:00:00,True
353,Category_0,97.5258312329984,0.5414076073475852,2024-01-15 16:00:00,False
354,Category_3,70.10248538762599,0.1541450431784871,2024-01-15 17:00:00,False
355,Category_1,100.92437861042762,0.5537114853580112,2024-01-15 18:00:00,True
356,Category_2,84.23739771746898,0.541704812410004,2024-01-15 19:00:00,True
357,Category_3,121.08054662546724,0.76190181260487,2024-01-15 20:00:00,True
358,Category_4,89.6215602108639,0.8336499619375856,2024-01-15 21:00:00,False
359,Category_0,94.93345479286506,0.44044135031242404,2024-01-15 22:00:00,False
360,Category_4,59.75295913256877,0.30233324935149375,2024-01-15 23:00:00,True
361,Category_3,91.09698919570033,0.25933489731709447,2024-01-16 00:00:00,False
362,Category_3,48.924359398280465,0.19462383670487193,2024-01-16 01:00:00,False
363,Category_3,66.92461670254707,0.05764758219902488,2024-01-16 02:00:00,True
364,Category_4,113.36420384287365,0.34244797883471334,2024-01-16 03:00:00,True
365,Category_3,118.2057498194415,0.27024769213078326,2024-01-16 04:00:00,True
366,Category_4,107.71331044786935,0.9664173858664074,2024-01-16 05:00:00,True
367,Category_3,82.80635337440451,0.5577088262500439,2024-01-16 06:00:00,True
368,Category_2,100.25917023552581,0.34727703903050755,2024-01-16 07:00:00,True
369,Category_3,104.55488601942398,0.580467600993696,2024-01-16 08:00:00,False
370,Category_4,73.86119216466612,0.1391967013456955,2024-01-16 09:00:00,True
371,Category_1,132.59717883539028,0.4440437492022029,2024-01-16 10:00:00,True
372,Category_3,119.84991130055799,0.6262343214210638,2024-01-16 11:00:00,True
373,Category_1,93.62565201379297,0.4888978317924514,2024-01-16 12:00:00,True
374,Category_2,102.56057834792983,0.40177880065432425,2024-01-16 13:00:00,True
375,Category_0,104.84281475252605,0.9938483888996982,2024-01-16 14:00:00,True
376,Category_2,58.70840882486845,0.880314762148927,2024-01-16 15:00:00,True
377,Category_3,93.40154989449118,0.6234059581594401,2024-01-16 16:00:00,True
378,Category_1,84.91595924337828,0.5693773611822828,2024-01-16 17:00:00,True
379,Category_1,84.08471712917547,0.620660479824584,2024-01-16 18:00:00,True
380,Category_4,94.37936560738586,0.20131210782243325,2024-01-16 19:00:00,False
381,Category_1,137.52466525239655,0.3951377432643186,2024-01-16 20:00:00,True
382,Category_4,111.22830891160467,0.03945953289089932,2024-01-16 21:00:00,True
383,Category_0,87.01005903199103,0.47554603748682667,2024-01-16 22:00:00,False
384,Category_3,113.62485892461156,0.5430245839576632,2024-01-16 23:00:00,True
385,Category_4,125.27643899950002,0.2277497361032096,2024-01-17 00:00:00,True
386,Category_0,117.65870268023411,0.9640288471655137,2024-01-17 01:00:00,False
387,Category_1,101.26095261112272,0.909454610937242,2024-01-17 02:00:00,True
388,Category_1,87.28496010547588,0.7221432354559059,2024-01-17 03:00:00,True
389,Category_0,113.60475131673101,0.5333866287653626,2024-01-17 04:00:00,False
390,Category_1,108.66472520418439,0.869969159647685,2024-01-17 05:00:00,False
391,Category_0,119.29548875641865,0.1306523438234629,2024-01-17 06:00:00,False
392,Category_4,114.17898053537573,0.790509794274885,2024-01-17 07:00:00,True
393,Category_4,119.01103382055506,0.1248208139668483,2024-01-17 08:00:00,True
394,Category_0,88.72456058790834,0.7942106625494054,2024-01-17 09:00:00,True
395,Category_4,128.74760316547994,0.27576756825135695,2024-01-17 10:00:00,True
396,Category_4,105.74892140514956,0.8770905810181889,2024-01-17 11:00:00,True
397,Category_4,138.74778254081278,0.9440420938253978,2024-01-17 12:00:00,True
398,Category_2,86.92220297508307,0.14879596940511564,2024-01-17 13:00:00,False
399,Category_3,130.7459433525654,0.4626756050653935,2024-01-17 14:00:00,True
400,Category_1,104.05248601672261,0.9809873781626851,2024-01-17 15:00:00,True
401,Category_2,90.78336954110189,0.4834074359731466,2024-01-17 16:00:00,True
402,Category_4,88.41840854985631,0.8635475225145451,2024-01-17 17:00:00,True
403,Category_0,91.91728761635514,0.5887315221313199,2024-01-17 18:00:00,True
404,Category_4,110.01789873590504,0.37532990791960186,2024-01-17 19:00:00,True
405,Category_3,107.35794043274879,0.2857835555258702,2024-01-17 20:00:00,True
406,Category_4,87.2550899179708,0.20322309108608727,2024-01-17 21:00:00,True
407,Category_0,100.7108804699822,0.7617981913776972,2024-01-17 22:00:00,False
408,Category_3,141.57142246934262,0.3865405068230279,2024-01-17 23:00:00,False
409,Category_4,134.076909655223,0.5112754622007512,2024-01-18 00:00:00,True
410,Category_3,110.22119570914928,0.4923254800011819,2024-01-18 01:00:00,True
411,Category_1,101.60675921275015,0.5772790292331312,2024-01-18 02:00:00,False
412,Category_1,102.93654036023649,0.8655771456245522,2024-01-18 03:00:00,False
413,Category_4,111.58922082007211,0.9807393435834294,2024-01-18 04:00:00,True
414,Category_3,80.28742903518216,0.40758420857381694,2024-01-18 05:00:00,False
415,Category_0,94.60394795428284,0.8275189221063031,2024-01-18 06:00:00,True
416,Category_4,67.54783666410223,0.7645277946547177,2024-01-18 07:00:00,False
417,Category_1,106.98635757449404,0.5735289514555733,2024-01-18 08:00:00,False
418,Category_1,112.57722279818799,0.9560471436119331,2024-01-18 09:00:00,True
419,Category_4,88.34790685023484,0.20047451552840279,2024-01-18 10:00:00,False
420,Category_3,131.40942129017702,0.10926421030962141,2024-01-18 11:00:00,True
421,Category_1,73.8557639158648,0.8539619669554221,2024-01-18 12:00:00,False
422,Category_3,68.47490220183636,0.4391498166337483,2024-01-18 13:00:00,True
423,Category_1,105.008566086077,0.8469688542070605,2024-01-18 14:00:00,False
424,Category_1,121.36926112926113,0.8930902051954149,2024-01-18 15:00:00,True
425,Category_2,135.25098235843285,0.06245759361907144,2024-01-18 16:00:00,True
426,Category_1,89.95638436964151,0.8834647629860607,2024-01-18 17:00:00,True
427,Category_0,122.39320469307323,0.4483190553694222,2024-01-18 18:00:00,False
428,Category_4,100.33612627151507,0.5104324890042322,2024-01-18 19:00:00,False
429,Category_4,97.44079732500175,0.6265925110932102,2024-01-18 20:00:00,False
430,Category_3,116.01484523986032,0.9263826067300868,2024-01-18 21:00:00,False
431,Category_1,113.34645920361585,0.01911609442976403,2024-01-18 22:00:00,True
432,Category_0,69.20354503265263,0.4768434683178171,2024-01-18 23:00:00,True
433,Category_3,129.54522518950725,0.6877220424305607,2024-01-19 00:00:00,True
434,Category_2,123.41106572609486,0.7227069576982285,2024-01-19 01:00:00,True
435,Category_3,87.81109483926686,0.692532431537108,2024-01-19 02:00:00,True
436,Category_3,112.36001452961135,0.13443512940812186,2024-01-19 03:00:00,True
437,Category_1,109.15745260615765,0.29939558837168123,2024-01-19 04:00:00,True
438,Category_2,103.75110769693474,0.35871552541701346,2024-01-19 05:00:00,True
439,Category_3,89.74378020624029,0.804437207679505,2024-01-19 06:00:00,True
440,Category_0,87.19495490377524,0.278759872414553,2024-01-19 07:00:00,True
441,Category_0,101.88456773564323,0.21070496386720317,2024-01-19 08:00:00,False
442,Category_4,120.92810940254768,0.9574480190380962,2024-01-19 09:00:00,False
443,Category_2,112.34100521005674,0.0088632851134689,2024-01-19 10:00:00,False
444,Category_2,93.77359615390701,0.9978208556819782,2024-01-19 11:00:00,True
445,Category_4,115.14846805782975,0.6768212988573956,2024-01-19 12:00:00,True
446,Category_3,43.70941258726956,0.8284692994491171,2024-01-19 13:00:00,False
447,Category_2,125.04301438041175,0.29461939634619316,2024-01-19 14:00:00,True
448,Category_0,66.95779954057743,0.014315277667059978,2024-01-19 15:00:00,True
449,Category_0,90.45538799919078,0.73786951856153,2024-01-19 16:00:00,True
450,Category_1,79.25391772658891,0.8341445970006758,2024-01-19 17:00:00,True
451,Category_2,73.97644122172832,0.7404761319535191,2024-01-19 18:00:00,True
452,Category_3,123.36290585254312,0.1428502873008386,2024-01-19 19:00:00,True
453,Category_4,90.79299462028216,0.7534279222569691,2024-01-19 20:00:00,True
454,Category_4,106.62830948048725,0.768922782107641,2024-01-19 21:00:00,True
455,Category_3,101.45517347112882,0.6585405156700549,2024-01-19 22:00:00,True
456,Category_1,109.3726661740987,0.7661159327955862,2024-01-19 23:00:00,False
457,Category_4,99.28779133643674,0.8459214396777321,2024-01-20 00:00:00,True
458,Category_2,73.54973741299627,0.6136041142374584,2024-01-20 01:00:00,True
459,Category_1,120.28425080668354,0.08860471396967906,2024-01-20 02:00:00,False
460,Category_2,92.5937880477701,0.48762780966721087,2024-01-20 03:00:00,True
461,Category_0,70.07969821824108,0.07764933467160506,2024-01-20 04:00:00,True
462,Category_1,89.7293677389047,0.40754303103243084,2024-01-20 05:00:00,True
463,Category_4,135.00678430416923,0.40710648912562764,2024-01-20 06:00:00,True
464,Category_1,117.53624506177724,0.06600984414024158,2024-01-20 07:00:00,True
465,Category_1,95.58862299671229,0.3488205339694793,2024-01-20 08:00:00,False
466,Category_1,92.71012231260862,0.11099809879131484,2024-01-20 09:00:00,True
467,Category_1,94.63856916302524,0.8082352100092222,2024-01-20 10:00:00,True
468,Category_2,143.22106072047436,0.9476880259644708,2024-01-20 11:00:00,True
469,Category_0,110.08549456503269,0.0723164752579386,2024-01-20 12:00:00,True
470,Category_3,110.72459315585303,0.9551152072917014,2024-01-20 13:00:00,True
471,Category_1,122.35750642660851,0.5225765993367452,2024-01-20 14:00:00,True
472,Category_4,104.1429207619714,0.2995656779538739,2024-01-20 15:00:00,True
473,Category_1,93.6707857080523,0.07686207527616351,2024-01-20 16:00:00,True
474,Category_4,96.74105651778258,0.5006242680704178,2024-01-20 17:00:00,True
475,Category_2,100.44219428915886,0.7945155444907487,2024-01-20 18:00:00,True
476,Category_4,98.8082131655437,0.7070864772666982,2024-01-20 19:00:00,False
477,Category_3,583.4601250101482,0.05022601146397376,2024-01-20 20:00:00,True
478,Category_0,103.95654786611621,0.07290183536790351,2024-01-20 21:00:00,True
479,Category_4,112.81233980597314,0.4028732826326371,2024-01-20 22:00:00,True
480,Category_4,96.704684692995,0.2952904940479433,2024-01-20 23:00:00,False
481,Category_0,101.2907557250824,0.23238432305604784,2024-01-21 00:00:00,True
482,Category_3,60.653836818110726,0.2810044989087136,2024-01-21 01:00:00,True
483,Category_1,117.27294280161999,0.8034827432968846,2024-01-21 02:00:00,False
484,Category_4,109.64571459913324,0.9292280536318539,2024-01-21 03:00:00,False
485,Category_0,120.81195491491032,0.4051026945275664,2024-01-21 04:00:00,True
486,Category_2,42.154123174469376,0.9061110021324971,2024-01-21 05:00:00,True
487,Category_0,138.8834209686274,0.32149570124788196,2024-01-21 06:00:00,False
488,Category_2,94.56534660678014,0.4764369863437916,2024-01-21 07:00:00,False
489,Category_3,122.72807297361285,0.22602899781599972,2024-01-21 08:00:00,False
490,Category_1,74.91849059345147,0.640476042175844,2024-01-21 09:00:00,True
491,Category_0,114.28939478749781,0.9789811151748089,2024-01-21 10:00:00,True
492,Category_4,78.61403135985941,0.6034930960433786,2024-01-21 11:00:00,True
493,Category_3,94.03848334250043,0.35781408411354887,2024-01-21 12:00:00,False
494,Category_0,142.91615537984757,0.6478174459905284,2024-01-21 13:00:00,True
495,Category_4,95.82190535642202,0.12292067846538757,2024-01-21 14:00:00,True
496,Category_0,104.13507597652509,0.8886590802653986,2024-01-21 15:00:00,False
497,Category_2,119.40101395339886,0.5030839507798364,2024-01-21 16:00:00,True
498,Category_0,113.33451788680955,0.44934974203964206,2024-01-21 17:00:00,False
499,Category_0,99.71834101679686,0.5858647884535192,2024-01-21 18:00:00,True
500,Category_0,103.71122415633931,0.6247838627894025,2024-01-21 19:00:00,True
501,Category_3,146.818933636768,0.07177580622651303,2024-01-21 20:00:00,True
502,Category_0,100.01807231931981,0.6826172212234024,2024-01-21 21:00:00,False
503,Category_4,105.01996844400806,0.24193168031552958,2024-01-21 22:00:00,True
504,Category_2,123.16176028011031,0.7139526325065898,2024-01-21 23:00:00,True
505,Category_2,119.70088536085161,0.8225347943841967,2024-01-22 00:00:00,False
506,Category_0,119.08855236938957,0.8039585075525203,2024-01-22 01:00:00,True
507,Category_3,114.4979551406874,0.5525009674078891,2024-01-22 02:00:00,True
508,Category_3,75.4764413566781,0.5201698923107512,2024-01-22 03:00:00,True
509,Category_4,128.6144291033306,0.14287596133941172,2024-01-22 04:00:00,True
510,Category_0,77.36445760831843,0.7753461504031356,2024-01-22 05:00:00,True
511,Category_2,107.64582965766193,0.27140938044671437,2024-01-22 06:00:00,True
512,Category_3,84.66932709747793,0.49669542281794654,2024-01-22 07:00:00,True
513,Category_0,97.79762900891932,0.2842740929275167,2024-01-22 08:00:00,True
514,Category_3,106.25516374145066,0.13382836299969314,2024-01-22 09:00:00,True
515,Category_3,105.68281622384498,0.6295576968917366,2024-01-22 10:00:00,True
516,Category_2,105.73081660107364,0.05433203482290383,2024-01-22 11:00:00,True
517,Category_1,130.83876492867034,0.7486452341262,2024-01-22 12:00:00,True
518,Category_4,110.11769445295401,0.31758679526111666,2024-01-22 13:00:00,True
519,Category_4,95.76296958774444,0.00013469300448532007,2024-01-22 14:00:00,True
520,Category_2,119.6192972032887,0.5111291392372298,2024-01-22 15:00:00,True
521,Category_3,121.79062019867095,0.046851908527603126,2024-01-22 16:00:00,False
522,Category_0,75.08328842154307,0.27616955782089947,2024-01-22 17:00:00,True
523,Category_3,107.57529218950273,0.7069764874557162,2024-01-22 18:00:00,False
524,Category_2,114.38193129724071,0.06268962162186587,2024-01-22 19:00:00,False
525,Category_4,96.91863924734473,0.8393384923560023,2024-01-22 20:00:00,True
526,Category_3,124.55329173043128,0.003819922658583108,2024-01-22 21:00:00,True
527,Category_4,95.82203259478007,0.24682386920190225,2024-01-22 22:00:00,True
528,Category_0,103.17255123037454,0.7409040561520714,2024-01-22 23:00:00,False
529,Category_4,99.05494056610328,0.3162701497293068,2024-01-23 00:00:00,True
530,Category_4,99.41130656160884,0.10189238806601353,2024-01-23 01:00:00,True
531,Category_1,-230.05226977817262,0.3602339188004279,2024-01-23 02:00:00,True
532,Category_1,67.2443332356501,0.27039328638452553,2024-01-23 03:00:00,False
533,Category_1,132.09786026608305,0.8427119021605549,2024-01-23 04:00:00,False
534,Category_4,87.16235222977653,0.31334791758514313,2024-01-23 05:00:00,True
535,Category_2,80.72923691720503,0.7889324717760072,2024-01-23 06:00:00,True
536,Category_4,56.88744964032521,0.8918721448107347,2024-01-23 07:00:00,True
537,Category_2,87.867678324324,0.43381741957652953,2024-01-23 08:00:00,True
538,Category_2,73.51592546457968,0.909943143854392,2024-01-23 09:00:00,False
539,Category_1,-393.62200853416624,0.37731805396319285,2024-01-23 10:00:00,True
540,Category_3,121.84992750470305,0.9640784164901082,2024-01-23 11:00:00,True
541,Category_0,86.69044279581107,0.08928952452557293,2024-01-23 12:00:00,True
542,Category_1,145.08409292258125,0.6870192665032427,2024-01-23 13:00:00,False
543,Category_1,117.67625389300474,0.49381404045692867,2024-01-23 14:00:00,False
544,Category_3,96.12151235523757,0.38764880545564706,2024-01-23 15:00:00,True
545,Category_0,51.346963779094956,0.6327118787486009,2024-01-23 16:00:00,False
546,Category_4,144.70829114011357,0.7038570916343312,2024-01-23 17:00:00,True
547,Category_4,74.22074996449152,0.004363269650309087,2024-01-23 18:00:00,True
548,Category_1,66.09263710507156,0.16695308874719872,2024-01-23 19:00:00,True
549,Category_0,118.88072802245796,0.7130460506343187,2024-01-23 20:00:00,True
550,Category_1,147.26915857093772,0.6663854135782065,2024-01-23 21:00:00,True
551,Category_2,124.12820493123945,0.9660475051286772,2024-01-23 22:00:00,False
552,Category_1,112.22529131354732,0.761037790250783,2024-01-23 23:00:00,True
553,Category_1,108.21717005132935,0.950772707731338,2024-01-24 00:00:00,True
554,Category_4,114.60093995000022,0.702540501534807,2024-01-24 01:00:00,True
555,Category_4,555.0484133497046,0.29805220863944315,2024-01-24 02:00:00,True
556,Category_4,105.45095457340666,0.10536492225085647,2024-01-24 03:00:00,False
557,Category_2,101.7820983208202,0.7818238633449356,2024-01-24 04:00:00,True
558,Category_4,98.09195698392553,0.6441492214759159,2024-01-24 05:00:00,True
559,Category_0,82.82665545540388,0.04818601239329623,2024-01-24 06:00:00,False
560,Category_3,92.03202709059259,0.36005046590097833,2024-01-24 07:00:00,True
561,Category_0,67.07356638445344,0.9567998154842862,2024-01-24 08:00:00,True
562,Category_0,96.92740518000741,0.5004011457102012,2024-01-24 09:00:00,True
563,Category_4,80.86359430800081,0.43272913601970464,2024-01-24 10:00:00,True
564,Category_3,76.15016155427286,0.457699605159294,2024-01-24 11:00:00,False
565,Category_3,103.96155370151023,0.20888272400516372,2024-01-24 12:00:00,False
566,Category_3,130.45772400113955,0.3687071708647952,2024-01-24 13:00:00,True
567,Category_2,119.54366607094671,0.3698132559871766,2024-01-24 14:00:00,False
568,Category_4,67.76164074371681,0.0523550201874724,2024-01-24 15:00:00,True
569,Category_3,80.72403015022122,0.7675676285179183,2024-01-24 16:00:00,True
570,Category_2,118.33203956951654,0.416504431903879,2024-01-24 17:00:00,True
571,Category_1,401.83039874134835,0.8221798868164233,2024-01-24 18:00:00,True
572,Category_1,94.85333612483619,0.8503480011198954,2024-01-24 19:00:00,True
573,Category_2,553.3548456447021,0.21199405469865806,2024-01-24 20:00:00,True
574,Category_2,81.05910761759401,0.6573534821701286,2024-01-24 21:00:00,False
575,Category_4,100.11231538167621,0.4722818041629817,2024-01-24 22:00:00,True
576,Category_4,71.27906291838026,0.8801567379214851,2024-01-24 23:00:00,True
577,Category_1,85.18371216468849,0.21574067917645412,2024-01-25 00:00:00,True
578,Category_3,103.1814397297308,0.6778132003100442,2024-01-25 01:00:00,True
579,Category_1,65.69517163122464,0.6077521222527226,2024-01-25 02:00:00,True
580,Category_3,109.12978062888921,0.2953014775718328,2024-01-25 03:00:00,True
581,Category_3,97.81404992480579,0.1366009036511726,2024-01-25 04:00:00,False
582,Category_4,112.08141121243416,0.6516397604772766,2024-01-25 05:00:00,True
583,Category_0,104.54800642659197,0.7385974581323307,2024-01-25 06:00:00,True
584,Category_0,123.32900092011681,0.31562734376335,2024-01-25 07:00:00,True
585,Category_2,103.82003079552337,0.6448326040223138,2024-01-25 08:00:00,True
586,Category_4,93.04040583977645,0.39513090761150327,2024-01-25 09:00:00,True
587,Category_3,100.44974306796247,0.7132068832826177,2024-01-25 10:00:00,False
588,Category_0,111.70992958915511,0.1992152748940531,2024-01-25 11:00:00,True
589,Category_3,99.25689555940983,0.8902150026361744,2024-01-25 12:00:00,True
590,Category_0,101.00800809843143,0.28740959646557973,2024-01-25 13:00:00,True
591,Category_0,83.4203781764443,0.3677859877561529,2024-01-25 14:00:00,True
592,Category_0,83.14046633926316,0.058091952080349785,2024-01-25 15:00:00,True
593,Category_4,71.17899321558622,0.1115122123212764,2024-01-25 16:00:00,False
594,Category_1,134.7430210660029,0.5158619027123281,2024-01-25 17:00:00,True
595,Category_3,74.32398209885864,0.2675926767279715,2024-01-25 18:00:00,False
596,Category_4,83.76373038828115,0.8354802257421944,2024-01-25 19:00:00,True
597,Category_4,84.82864381813408,0.014693388654953843,2024-01-25 20:00:00,False
598,Category_4,-355.3181256318075,0.3790940486719362,2024-01-25 21:00:00,True
599,Category_4,94.01083725593949,0.3373455467690927,2024-01-25 22:00:00,True
600,Category_4,125.32140098194733,0.019327630917601035,2024-01-25 23:00:00,True
601,Category_2,85.18423833831878,0.12436839900051022,2024-01-26 00:00:00,False
602,Category_3,107.93331853692953,0.41364267491863527,2024-01-26 01:00:00,True
603,Category_4,80.93067477601922,0.49286458444744663,2024-01-26 02:00:00,True
604,Category_3,143.88226399851112,0.4042897472548691,2024-01-26 03:00:00,True
605,Category_2,393.10950043223954,0.5309376784120938,2024-01-26 04:00:00,False
606,Category_2,107.16233446886962,0.5951316749056815,2024-01-26 05:00:00,True
607,Category_3,112.26876081889773,0.00992382112783563,2024-01-26 06:00:00,False
608,Category_0,107.21487935863662,0.4640951594535039,2024-01-26 07:00:00,True
609,Category_1,98.37526411630377,0.9634992408875883,2024-01-26 08:00:00,True
610,Category_0,94.54549245966913,0.5190322801295487,2024-01-26 09:00:00,True
611,Category_0,98.9277018598909,0.6775422674589532,2024-01-26 10:00:00,False
612,Category_0,96.26145167089726,0.3118638579168832,2024-01-26 11:00:00,True
613,Category_4,121.76345201168274,0.7739913781527625,2024-01-26 12:00:00,False
614,Category_2,144.97323624815448,0.7729214818761151,2024-01-26 13:00:00,True
615,Category_0,86.90581146186543,0.521296047654139,2024-01-26 14:00:00,True
616,Category_2,71.98067682577536,0.9760138232792136,2024-01-26 15:00:00,True
617,Category_3,97.00047009935949,0.12555021476265338,2024-01-26 16:00:00,True
618,Category_1,150.16855141582855,0.016947664889580993,2024-01-26 17:00:00,False
619,Category_3,85.89264161987269,0.770158211757096,2024-01-26 18:00:00,False
620,Category_3,130.02714336833904,0.8071555373648825,2024-01-26 19:00:00,False
621,Category_4,136.7853073594893,0.12020722912057624,2024-01-26 20:00:00,False
622,Category_1,90.5917626741743,0.2655828329586061,2024-01-26 21:00:00,True
623,Category_3,113.57069435920543,0.01755236336662891,2024-01-26 22:00:00,True
624,Category_3,131.6381027038994,0.2933086107805647,2024-01-26 23:00:00,False
625,Category_1,92.11628414513703,0.7731418739186715,2024-01-27 00:00:00,True
626,Category_1,93.04985862399737,0.5179605277125789,2024-01-27 01:00:00,False
627,Category_3,87.31257942790974,0.3480955931682881,2024-01-27 02:00:00,False
628,Category_1,80.69638794130952,0.3717392949063303,2024-01-27 03:00:00,True
629,Category_3,89.61763584911932,0.0013536257154681541,2024-01-27 04:00:00,False
630,Category_3,73.29743253376915,0.2998005275652359,2024-01-27 05:00:00,True
631,Category_4,99.94753825657995,0.6464587416379305,2024-01-27 06:00:00,True
632,Category_0,84.29664574793236,0.9741944438163571,2024-01-27 07:00:00,True
633,Category_3,101.87222813976992,0.8470608269838995,2024-01-27 08:00:00,True
634,Category_2,70.06983214514658,0.023594964645529126,2024-01-27 09:00:00,True
635,Category_0,105.16344543351109,0.8985606046748393,2024-01-27 10:00:00,True
636,Category_0,116.2781310648427,0.7831984132986259,2024-01-27 11:00:00,False
637,Category_0,59.21753146019152,0.7803761235709804,2024-01-27 12:00:00,False
638,Category_4,105.89571815565677,0.4579957590035715,2024-01-27 13:00:00,True
639,Category_3,124.53922975646434,0.3980052929545028,2024-01-27 14:00:00,True
640,Category_4,75.37412045278609,0.3029157288331926,2024-01-27 15:00:00,False
641,Category_3,132.70455852994047,0.06569485895436578,2024-01-27 16:00:00,True
642,Category_4,106.9172402385938,0.2282353634936991,2024-01-27 17:00:00,True
643,Category_4,86.54153905602945,0.24660363497802462,2024-01-27 18:00:00,True
644,Category_2,102.20596498512342,0.4840770697102016,2024-01-27 19:00:00,True
645,Category_4,111.44750651642448,0.747444406596694,2024-01-27 20:00:00,True
646,Category_1,103.520845149906,0.4738098283979466,2024-01-27 21:00:00,False
647,Category_2,107.98281181820877,0.057844449447160606,2024-01-27 22:00:00,True
648,Category_4,81.90339735613063,0.9577898009882039,2024-01-27 23:00:00,True
649,Category_0,101.18311488062571,0.9427243190941123,2024-01-28 00:00:00,True
650,Category_1,68.75925610134976,0.7851895431484084,2024-01-28 01:00:00,True
651,Category_1,96.2904261484217,0.9913279015642206,2024-01-28 02:00:00,True
652,Category_1,84.31581753117295,0.5444823328002629,2024-01-28 03:00:00,False
653,Category_2,87.1975402587364,0.9627683502532061,2024-01-28 04:00:00,False
654,Category_4,125.20994675524807,0.07560504061675077,2024-01-28 05:00:00,True
655,Category_4,118.74772119630886,0.3656807482613713,2024-01-28 06:00:00,False
656,Category_0,111.78852605254694,0.22538126800676583,2024-01-28 07:00:00,False
657,Category_0,78.7597194379793,0.19583308413427003,2024-01-28 08:00:00,False
658,Category_1,94.02440149479071,0.14080294889267608,2024-01-28 09:00:00,True
659,Category_0,120.55863186303168,0.6224136415659967,2024-01-28 10:00:00,True
660,Category_2,101.04610458727082,0.7813218557473051,2024-01-28 11:00:00,True
661,Category_4,146.25788843047567,0.5782983994203607,2024-01-28 12:00:00,True
662,Category_1,108.9435153237672,0.14696270958820967,2024-01-28 13:00:00,True
663,Category_0,99.4299848909097,0.8111237699334709,2024-01-28 14:00:00,True
664,Category_2,93.49203919589287,0.6359547071637285,2024-01-28 15:00:00,False
665,Category_2,102.95813641633269,0.3881657061269955,2024-01-28 16:00:00,False
666,Category_0,98.65707785432808,0.674130295536063,2024-01-28 17:00:00,False
667,Category_4,115.55380156207882,0.25990497924283285,2024-01-28 18:00:00,True
668,Category_0,120.30416064824982,0.3451922084942105,2024-01-28 19:00:00,True
669,Category_1,82.67350306890332,0.9174858431319902,2024-01-28 20:00:00,True
670,Category_0,69.5430537279865,0.2905045056714204,2024-01-28 21:00:00,True
671,Category_2,62.486432704089566,0.4699882681579366,2024-01-28 22:00:00,True
672,Category_0,112.17163813375888,0.8901411373960146,2024-01-28 23:00:00,True
673,Category_4,80.73146869907333,0.7077213502675275,2024-01-29 00:00:00,True
674,Category_3,58.36935018513044,0.06220322616470275,2024-01-29 01:00:00,False
675,Category_0,108.63391773898927,0.14730304427897034,2024-01-29 02:00:00,True
676,Category_4,150.6225094974243,0.007841590771916818,2024-01-29 03:00:00,False
677,Category_4,98.76159834769418,0.6309217902291634,2024-01-29 04:00:00,True
678,Category_2,116.50858496490102,0.4476734254104183,2024-01-29 05:00:00,True
679,Category_4,104.98897009375558,0.13427485090227553,2024-01-29 06:00:00,True
680,Category_4,96.12904711660356,0.9579341210567704,2024-01-29 07:00:00,True
681,Category_4,121.62486779415825,0.5296597239456199,2024-01-29 08:00:00,True
682,Category_4,93.54770461283344,0.24189329411288918,2024-01-29 09:00:00,True
683,Category_1,108.01002176251454,0.5006035711547075,2024-01-29 10:00:00,True
684,Category_1,103.60832031881539,0.6796203327351078,2024-01-29 11:00:00,True
685,Category_2,87.81499944709041,0.07623921797356448,2024-01-29 12:00:00,True
686,Category_0,118.36101910844965,0.274703815047892,2024-01-29 13:00:00,False
687,Category_4,93.6581925650477,0.8069654908839936,2024-01-29 14:00:00,True
688,Category_0,85.32402986864895,0.45966487040266124,2024-01-29 15:00:00,False
689,Category_0,112.7577553000879,0.5465771420322949,2024-01-29 16:00:00,True
690,Category_2,80.3335467406478,0.43281600220946925,2024-01-29 17:00:00,False
691,Category_4,97.5527985956828,0.04389994264300512,2024-01-29 18:00:00,False
692,Category_4,99.63314673347631,0.16574977982015593,2024-01-29 19:00:00,True
693,Category_3,121.5422944843146,0.4455416387418909,2024-01-29 20:00:00,True
694,Category_0,110.59528328286247,0.20918546540792782,2024-01-29 21:00:00,False
695,Category_0,507.03376913000335,0.04997902865967874,2024-01-29 22:00:00,True
696,Category_1,116.23598857117112,0.8436496640518237,2024-01-29 23:00:00,True
697,Category_3,131.53099251059555,0.9811925291641158,2024-01-30 00:00:00,True
698,Category_1,111.60658923969238,0.7931428739967394,2024-01-30 01:00:00,False
699,Category_1,99.51124297444747,0.853784921704667,2024-01-30 02:00:00,False
700,Category_1,70.52638748822653,0.24197713031704537,2024-01-30 03:00:00,True
701,Category_2,78.17016615650664,0.9606269755131998,2024-01-30 04:00:00,True
702,Category_2,93.21986128947954,0.19692570445342839,2024-01-30 05:00:00,True
703,Category_1,-269.21568242644645,0.9514298103618323,2024-01-30 06:00:00,True
704,Category_3,97.18948803248911,0.994819293965951,2024-01-30 07:00:00,False
705,Category_0,98.76419549611005,0.7117228057460487,2024-01-30 08:00:00,True
706,Category_3,110.93983388217409,0.9811437317918219,2024-01-30 09:00:00,True
707,Category_4,99.93881764209752,0.5695397795671037,2024-01-30 10:00:00,True
708,Category_2,112.79913584405027,0.25954178317609033,2024-01-30 11:00:00,False
709,Category_0,103.07207020680733,0.43699588566562086,2024-01-30 12:00:00,True
710,Category_0,62.01885506139779,0.593560935378786,2024-01-30 13:00:00,True
711,Category_4,81.33397688787873,0.07308156202701499,2024-01-30 14:00:00,True
712,Category_4,97.89818675847144,0.6223432646172461,2024-01-30 15:00:00,True
713,Category_1,78.31577824323266,0.9811778367622945,2024-01-30 16:00:00,True
714,Category_2,109.32164585724738,0.19010764978372763,2024-01-30 17:00:00,True
715,Category_2,129.91315587056005,0.7925951162883833,2024-01-30 18:00:00,True
716,Category_3,122.82350642000414,0.9078987937796194,2024-01-30 19:00:00,False
717,Category_1,96.49268451879126,0.9437015928202208,2024-01-30 20:00:00,False
718,Category_1,132.2854658277999,0.9601356044054472,2024-01-30 21:00:00,False
719,Category_1,101.77430598065682,0.5214596387214719,2024-01-30 22:00:00,True
720,Category_1,88.45727293966091,0.9773079079915037,2024-01-30 23:00:00,False
721,Category_2,86.90398733943587,0.7573102071344389,2024-01-31 00:00:00,True
722,Category_2,95.78534933651524,0.1616714362369619,2024-01-31 01:00:00,True
723,Category_1,93.31631157891604,0.47690010646797,2024-01-31 02:00:00,True
724,Category_3,104.26835109273243,0.718331175372004,2024-01-31 03:00:00,True
725,Category_0,102.6491035490725,0.24734031581908333,2024-01-31 04:00:00,True
726,Category_0,97.49194365794308,0.6406151835488874,2024-01-31 05:00:00,True
727,Category_3,109.77374956973996,0.6666004790466192,2024-01-31 06:00:00,True
728,Category_1,122.13724209878646,0.1626997438085659,2024-01-31 07:00:00,True
729,Category_2,123.37791529874647,0.5650853124527563,2024-01-31 08:00:00,True
730,Category_0,71.44792376710289,0.7716269109786077,2024-01-31 09:00:00,True
731,Category_4,47.755325433169844,0.4988956645359419,2024-01-31 10:00:00,True
732,Category_4,117.4584101566519,0.012103116776107425,2024-01-31 11:00:00,False
733,Category_3,72.47574443083333,0.009038469079292177,2024-01-31 12:00:00,False
734,Category_1,-285.0709326124037,0.3570293439700122,2024-01-31 13:00:00,True
735,Category_0,78.8409381106038,0.926194068431782,2024-01-31 14:00:00,True
736,Category_1,64.33481446703402,0.22867677960360877,2024-01-31 15:00:00,True
737,Category_0,109.35974732707143,0.6343636888716871,2024-01-31 16:00:00,False
738,Category_3,118.98011763320994,0.22207587069332058,2024-01-31 17:00:00,True
739,Category_3,88.56882944674723,0.3216699896595486,2024-01-31 18:00:00,True
740,Category_4,49.723394801491054,0.848042089601484,2024-01-31 19:00:00,True
741,Category_1,87.85346740345139,0.7288614422699469,2024-01-31 20:00:00,True
742,Category_4,108.56541019922939,0.09539927731321063,2024-01-31 21:00:00,True
743,Category_1,71.04664362539906,0.4287020209864336,2024-01-31 22:00:00,False
744,Category_4,99.87177350830882,0.029169763645264468,2024-01-31 23:00:00,True
745,Category_2,103.74155163367213,0.480890146603009,2024-02-01 00:00:00,True
746,Category_2,114.17813329830051,0.6624340117010681,2024-02-01 01:00:00,False
747,Category_2,101.59382706359118,0.11850262359815156,2024-02-01 02:00:00,False
748,Category_2,78.32467491047906,0.28888493890916567,2024-02-01 03:00:00,True
749,Category_0,124.62951935833486,0.3978366255021569,2024-02-01 04:00:00,True
750,Category_2,97.00354381810895,0.9195310246560497,2024-02-01 05:00:00,True
751,Category_3,100.16828239251514,0.993255015422964,2024-02-01 06:00:00,False
752,Category_3,81.7194305360755,0.044911298995615856,2024-02-01 07:00:00,True
753,Category_0,92.15115722503508,0.761007923495392,2024-02-01 08:00:00,False
754,Category_2,85.21090845267484,0.37172406640234323,2024-02-01 09:00:00,True
755,Category_2,97.68213341537141,0.39245818622948003,2024-02-01 10:00:00,True
756,Category_2,132.12590082498923,0.7542649733470227,2024-02-01 11:00:00,True
757,Category_4,75.29873098415797,0.9184264321454086,2024-02-01 12:00:00,True
758,Category_1,71.02400220540234,0.9509285945025484,2024-02-01 13:00:00,True
759,Category_4,135.75441973115775,0.5771225860383208,2024-02-01 14:00:00,True
760,Category_1,93.55695047098614,0.3571211593005028,2024-02-01 15:00:00,True
761,Category_2,87.10638201283261,0.7875490858587793,2024-02-01 16:00:00,False
762,Category_2,116.61612767151856,0.25100138326230026,2024-02-01 17:00:00,True
763,Category_4,88.99870810346661,0.5640740288335178,2024-02-01 18:00:00,False
764,Category_4,135.41911532281003,0.35857846152487316,2024-02-01 19:00:00,True
765,Category_1,117.42182373951584,0.6566310737078761,2024-02-01 20:00:00,True
766,Category_3,88.68593131812781,0.2403989128935069,2024-02-01 21:00:00,True
767,Category_1,139.75338266912786,0.19159294573482577,2024-02-01 22:00:00,True
768,Category_4,86.93915228478113,0.9182390866754371,2024-02-01 23:00:00,False
769,Category_4,110.87407304745268,0.1018036829495369,2024-02-02 00:00:00,True
770,Category_0,107.49446041420777,0.5059579077349317,2024-02-02 01:00:00,True
771,Category_4,121.88703623737896,0.22085278296300892,2024-02-02 02:00:00,True
772,Category_0,131.2873819544437,0.03892996332566745,2024-02-02 03:00:00,True
773,Category_3,96.46672725592202,0.03601881829142639,2024-02-02 04:00:00,True
774,Category_1,84.28831355643315,0.17522177210582734,2024-02-02 05:00:00,False
775,Category_1,112.5002237909015,0.8667703545060003,2024-02-02 06:00:00,False
776,Category_0,87.17006616381018,0.28247874397702666,2024-02-02 07:00:00,True
777,Category_1,138.53338866971666,0.9504591705752957,2024-02-02 08:00:00,True
778,Category_4,102.66803335260713,0.5816222929891935,2024-02-02 09:00:00,True
779,Category_2,92.7297564741762,0.4366141897687661,2024-02-02 10:00:00,True
780,Category_0,104.64290024536638,0.5800888346694546,2024-02-02 11:00:00,True
781,Category_1,70.31209268751513,0.5166983852262678,2024-02-02 12:00:00,True
782,Category_0,81.75791075789303,0.7587762537573252,2024-02-02 13:00:00,True
783,Category_0,118.57641556594383,0.28249606597285226,2024-02-02 14:00:00,True
784,Category_2,85.59696986906681,0.3530503916003024,2024-02-02 15:00:00,True
785,Category_4,78.08106572317845,0.8940943025332507,2024-02-02 16:00:00,True
786,Category_0,112.00511352589528,0.9464565131504055,2024-02-02 17:00:00,True
787,Category_1,123.75953793074184,0.8925582274864745,2024-02-02 18:00:00,True
788,Category_3,111.55594500369227,0.4194479939573136,2024-02-02 19:00:00,False
789,Category_0,117.9425615143692,0.7803655030068817,2024-02-02 20:00:00,True
790,Category_0,85.2631537866946,0.4763357333010988,2024-02-02 21:00:00,True
791,Category_2,357.0248860961562,0.4975398521461022,2024-02-02 22:00:00,True
792,Category_4,128.8634825636465,0.20468010905728395,2024-02-02 23:00:00,False
793,Category_3,462.90316099703637,0.5911303032585165,2024-02-03 00:00:00,True
794,Category_1,96.38161677617676,0.18613589775334793,2024-02-03 01:00:00,True
795,Category_3,125.52407969295685,0.33156469906719377,2024-02-03 02:00:00,True
796,Category_1,110.94766592759919,0.8550302016199351,2024-02-03 03:00:00,False
797,Category_4,113.4761468980024,0.20707580921085522,2024-02-03 04:00:00,False
798,Category_1,140.44053188949036,0.07115828517343281,2024-02-03 05:00:00,True
799,Category_2,83.41014626807406,0.0690075926128163,2024-02-03 06:00:00,False
800,Category_2,120.13066906035928,0.9407845205031079,2024-02-03 07:00:00,False
801,Category_2,99.77718482253113,0.5069204379618346,2024-02-03 08:00:00,False
802,Category_2,104.73265467665144,0.40941207181701833,2024-02-03 09:00:00,True
803,Category_3,129.0003893685659,0.8108785810079184,2024-02-03 10:00:00,True
804,Category_4,109.63489770490345,0.835825927910516,2024-02-03 11:00:00,True
805,Category_1,113.97663975990761,0.3321910331156046,2024-02-03 12:00:00,False
806,Category_1,123.06124904298946,0.6936180574737952,2024-02-03 13:00:00,True
807,Category_2,94.43275066480365,0.7711228158518866,2024-02-03 14:00:00,True
808,Category_2,80.37126643294228,0.6546506868659545,2024-02-03 15:00:00,True
809,Category_0,76.79168467854089,0.15159507480009937,2024-02-03 16:00:00,False
810,Category_4,54.97048214210643,0.875883083517057,2024-02-03 17:00:00,False
811,Category_3,139.4984736852842,0.5390945527360087,2024-02-03 18:00:00,True
812,Category_1,79.85740358156833,0.2824724263700037,2024-02-03 19:00:00,False
813,Category_0,96.61323219120149,0.4252281854376939,2024-02-03 20:00:00,True
814,Category_0,94.0188170779085,0.03757109039890738,2024-02-03 21:00:00,False
815,Category_1,106.10334307769955,0.12786680122241756,2024-02-03 22:00:00,True
816,Category_3,114.93109420328226,0.7655467505158609,2024-02-03 23:00:00,True
817,Category_0,117.6207349482043,1.1634755366141114e-05,2024-02-04 00:00:00,False
818,Category_0,89.87674380741984,0.4165658284822922,2024-02-04 01:00:00,True
819,Category_4,93.4120021408027,0.5225101810855884,2024-02-04 02:00:00,False
820,Category_3,106.253451584521,0.054634420000972295,2024-02-04 03:00:00,True
821,Category_0,96.89900463520254,0.9730781629723328,2024-02-04 04:00:00,True
822,Category_3,131.31316846869385,0.22612533124967193,2024-02-04 05:00:00,True
823,Category_1,111.2268800493878,0.30419871963628087,2024-02-04 06:00:00,True
824,Category_2,120.35088492462761,0.30394251225502733,2024-02-04 07:00:00,True
825,Category_0,113.04804932398999,0.2304166621173499,2024-02-04 08:00:00,True
826,Category_4,124.25944773957968,0.001473822086311416,2024-02-04 09:00:00,True
827,Category_1,102.13801841352948,0.7293447940879964,2024-02-04 10:00:00,True
828,Category_3,74.42741016696408,0.9668454997992854,2024-02-04 11:00:00,False
829,Category_1,108.9182302518394,0.22429348328504506,2024-02-04 12:00:00,False
830,Category_0,87.36420959294992,0.6630471918034224,2024-02-04 13:00:00,True
831,Category_3,87.37957362628985,0.7418963269587151,2024-02-04 14:00:00,False
832,Category_2,112.14176501304323,0.8484253790905247,2024-02-04 15:00:00,True
833,Category_1,127.70253171412351,0.4226291970136091,2024-02-04 16:00:00,True
834,Category_0,101.32653172991719,0.30293090564042924,2024-02-04 17:00:00,False
835,Category_4,108.10884424713329,0.3252951340230311,2024-02-04 18:00:00,False
836,Category_3,133.56825228800918,0.7126213330985128,2024-02-04 19:00:00,True
837,Category_1,106.32126373155772,0.816779466505636,2024-02-04 20:00:00,False
838,Category_1,152.5945812370961,0.18161396775660266,2024-02-04 21:00:00,True
839,Category_2,109.40025636296163,0.3709410081577652,2024-02-04 22:00:00,False
840,Category_2,65.42450509080845,0.90194019674915,2024-02-04 23:00:00,True
841,Category_4,113.07497593697907,0.8066935196947392,2024-02-05 00:00:00,True
842,Category_4,106.35200613555523,0.9848584027624758,2024-02-05 01:00:00,True
843,Category_0,126.17532742762334,0.7542482596820808,2024-02-05 02:00:00,True
844,Category_0,114.06065226045494,0.39319520102792227,2024-02-05 03:00:00,True
845,Category_4,94.84226645764242,0.5906378339946378,2024-02-05 04:00:00,False
846,Category_4,77.63100155124232,0.6610142542473203,2024-02-05 05:00:00,True
847,Category_3,96.96842892336387,0.07845581631712395,2024-02-05 06:00:00,True
848,Category_2,81.57411987868818,0.5444969591038651,2024-02-05 07:00:00,True
849,Category_0,85.30123963304263,0.7093208284726096,2024-02-05 08:00:00,True
850,Category_2,111.48052231180907,0.16732130400106038,2024-02-05 09:00:00,True
851,Category_2,132.50239696715047,0.7806317174255571,2024-02-05 10:00:00,True
852,Category_4,108.120677053383,0.5837727805141116,2024-02-05 11:00:00,True
853,Category_3,75.35300659247662,0.9522217856975946,2024-02-05 12:00:00,True
854,Category_1,104.86000796779415,0.042422298206891695,2024-02-05 13:00:00,True
855,Category_3,123.15262169613602,0.26532613755546697,2024-02-05 14:00:00,False
856,Category_3,87.19049553215572,0.6015538792998241,2024-02-05 15:00:00,False
857,Category_2,98.59238639135495,0.2965599122059307,2024-02-05 16:00:00,True
858,Category_3,98.89140609602862,0.7144241640712422,2024-02-05 17:00:00,True
859,Category_0,87.67370892676422,0.759005282521931,2024-02-05 18:00:00,True
860,Category_2,109.12601359867195,0.10251596406647445,2024-02-05 19:00:00,True
861,Category_0,100.21456155187124,0.5138544642067677,2024-02-05 20:00:00,True
862,Category_1,107.94009659401057,0.5088905555910559,2024-02-05 21:00:00,True
863,Category_2,83.97666190233234,0.36928077021554107,2024-02-05 22:00:00,True
864,Category_1,91.4111179890355,0.9329248625696721,2024-02-05 23:00:00,True
865,Category_2,116.73646321727466,0.8275063198732212,2024-02-06 00:00:00,True
866,Category_4,91.76530727466908,0.6972093819096368,2024-02-06 01:00:00,False
867,Category_3,132.33266052666053,0.7143266357349976,2024-02-06 02:00:00,False
868,Category_4,94.86040747291736,0.4617161438131191,2024-02-06 03:00:00,True
869,Category_1,104.26576477727815,0.9209945210965759,2024-02-06 04:00:00,True
870,Category_3,-357.29047310684336,0.6945954272532854,2024-02-06 05:00:00,False
871,Category_2,74.11272656580205,0.7289810616558164,2024-02-06 06:00:00,False
872,Category_3,62.711106550486946,0.8616909037873453,2024-02-06 07:00:00,True
873,Category_0,70.68293743454917,0.274071589342191,2024-02-06 08:00:00,True
874,Category_3,124.06685838252078,0.807070903866703,2024-02-06 09:00:00,True
875,Category_0,88.69737043506166,0.19524060295649204,2024-02-06 10:00:00,True
876,Category_3,151.3091604742021,0.34534195224488784,2024-02-06 11:00:00,True
877,Category_0,85.70180138199336,0.3356104542698427,2024-02-06 12:00:00,True
878,Category_1,102.12670536812912,0.9785254683891406,2024-02-06 13:00:00,True
879,Category_4,133.55587491800375,0.8565372237479268,2024-02-06 14:00:00,True
880,Category_2,141.9018029128493,0.7011698615902597,2024-02-06 15:00:00,False
881,Category_3,141.10425781072644,0.7270567616153901,2024-02-06 16:00:00,True
882,Category_4,124.65564634911836,0.5620727944025711,2024-02-06 17:00:00,True
883,Category_2,119.89025443380396,0.9470906671085191,2024-02-06 18:00:00,True
884,Category_2,114.57528286415544,0.49625875288236154,2024-02-06 19:00:00,True
885,Category_0,115.16480655502613,0.3805177098698945,2024-02-06 20:00:00,False
886,Category_1,89.44194840253301,0.163035336931591,2024-02-06 21:00:00,True
887,Category_1,85.93786286293539,0.786205652261058,2024-02-06 22:00:00,True
888,Category_4,98.3711337790181,0.7344439320755914,2024-02-06 23:00:00,False
889,Category_1,99.72718865511162,0.3843550385241349,2024-02-07 00:00:00,True
890,Category_3,87.86145520712112,0.02519341395922936,2024-02-07 01:00:00,False
891,Category_1,117.20094060837343,0.8389973277180107,2024-02-07 02:00:00,True
892,Category_4,118.35757258296833,0.011417983454073632,2024-02-07 03:00:00,True
893,Category_1,101.28066903444576,0.703699779629051,2024-02-07 04:00:00,True
894,Category_3,125.75445189590837,0.970257109726057,2024-02-07 05:00:00,True
895,Category_0,76.25274705578646,0.43766132814820347,2024-02-07 06:00:00,False
896,Category_4,94.03832402359379,0.23497340499595276,2024-02-07 07:00:00,False
897,Category_0,84.44307523170171,0.7048710100433817,2024-02-07 08:00:00,True
898,Category_0,62.393473912561376,0.8171281420155851,2024-02-07 09:00:00,True
899,Category_0,100.27014332398855,0.5464303160778473,2024-02-07 10:00:00,False
900,Category_2,97.98202822609406,0.9670352752561462,2024-02-07 11:00:00,False
901,Category_2,130.88697389007035,0.0516687216579611,2024-02-07 12:00:00,True
902,Category_0,110.41584573005564,0.5047955983045281,2024-02-07 13:00:00,True
903,Category_4,77.74723896201957,0.7184539473225501,2024-02-07 14:00:00,True
904,Category_3,140.6946517169829,0.862640471149179,2024-02-07 15:00:00,False
905,Category_3,122.94399762133443,0.17925561190779005,2024-02-07 16:00:00,True
906,Category_1,114.96850468628301,0.8000034817636814,2024-02-07 17:00:00,True
907,Category_4,94.98212133633679,0.5527070757185453,2024-02-07 18:00:00,False
908,Category_2,80.81581066310808,0.3965536819899632,2024-02-07 19:00:00,True
909,Category_0,94.70572931572106,0.13171502857909356,2024-02-07 20:00:00,True
910,Category_1,124.32961159213652,0.8652957589089124,2024-02-07 21:00:00,True
911,Category_3,137.46915532163212,0.15727320817971535,2024-02-07 22:00:00,True
912,Category_2,130.08507118478067,0.30978785920909924,2024-02-07 23:00:00,True
913,Category_2,90.11069344105637,0.2900455319624369,2024-02-08 00:00:00,True
914,Category_0,78.28645052667258,0.8714140341908543,2024-02-08 01:00:00,True
915,Category_3,104.60793871461865,0.672702994208898,2024-02-08 02:00:00,True
916,Category_4,64.63970850442857,0.7966813971913723,2024-02-08 03:00:00,False
917,Category_2,107.70640846720737,0.250467898792499,2024-02-08 04:00:00,False
918,Category_0,100.33864953175649,0.6248740996069989,2024-02-08 05:00:00,True
919,Category_4,91.44514329066487,0.5717459831437487,2024-02-08 06:00:00,True
920,Category_3,68.73190401808796,0.8328303767882711,2024-02-08 07:00:00,True
921,Category_2,107.22121806727719,0.9060870604812605,2024-02-08 08:00:00,True
922,Category_4,84.06207223196516,0.012156771477386807,2024-02-08 09:00:00,True
923,Category_4,77.38172915013162,0.6740199190587927,2024-02-08 10:00:00,True
924,Category_4,42.36429804000784,0.05183579911972902,2024-02-08 11:00:00,True
925,Category_2,98.41574338399653,0.5488586650773559,2024-02-08 12:00:00,True
926,Category_2,135.93417063317264,0.2876327290436782,2024-02-08 13:00:00,True
927,Category_1,133.10386134598713,0.3067765995221412,2024-02-08 14:00:00,True
928,Category_3,93.12325986770065,0.3529585034523566,2024-02-08 15:00:00,True
929,Category_0,88.12871540107363,0.6212924490496101,2024-02-08 16:00:00,True
930,Category_4,107.87526429380641,0.3340499656687692,2024-02-08 17:00:00,True
931,Category_1,82.02107379171201,0.7326990505902804,2024-02-08 18:00:00,False
932,Category_0,105.59972284576405,0.4045273855738697,2024-02-08 19:00:00,False
933,Category_1,116.37917240913448,0.06835320030995862,2024-02-08 20:00:00,True
934,Category_2,123.5797688332328,0.7837598424841072,2024-02-08 21:00:00,True
935,Category_4,96.6917190643773,0.285758324592706,2024-02-08 22:00:00,True
936,Category_0,96.09557975011302,0.43276687959926263,2024-02-08 23:00:00,True
937,Category_0,82.46611503184471,0.6854438832219015,2024-02-09 00:00:00,True
938,Category_0,84.42614184300345,0.332456157148712,2024-02-09 01:00:00,False
939,Category_0,94.93083802736992,0.056585656146715624,2024-02-09 02:00:00,True
940,Category_0,103.65891903938072,0.3739210470128136,2024-02-09 03:00:00,False
941,Category_1,117.4024514569155,0.9444485826943034,2024-02-09 04:00:00,True
942,Category_4,85.53083238261226,0.6417343972985582,2024-02-09 05:00:00,True
943,Category_2,129.25648140757497,0.6714791486672069,2024-02-09 06:00:00,False
944,Category_2,94.08265853346555,0.6322821536376398,2024-02-09 07:00:00,True
945,Category_2,101.5538248807483,0.1989921389594368,2024-02-09 08:00:00,True
946,Category_2,83.6257439694316,0.41833386410228013,2024-02-09 09:00:00,True
947,Category_1,48.41642204597973,0.7509397983633183,2024-02-09 10:00:00,True
948,Category_3,117.3582748591338,0.10137289755315915,2024-02-09 11:00:00,False
949,Category_4,113.76439808962121,0.27785277608971226,2024-02-09 12:00:00,True
950,Category_0,92.43271025361646,0.2763191084658536,2024-02-09 13:00:00,False
951,Category_3,100.9875607496141,0.432018927594506,2024-02-09 14:00:00,False
952,Category_2,111.30599016713894,0.9803687409421851,2024-02-09 15:00:00,False
953,Category_3,68.73042647037202,0.06750254668382194,2024-02-09 16:00:00,True
954,Category_4,450.17764190386504,0.518700994380595,2024-02-09 17:00:00,True
955,Category_0,119.52758464533632,0.17936468201221045,2024-02-09 18:00:00,False
956,Category_0,-222.67658303627667,0.9706765454097441,2024-02-09 19:00:00,True
957,Category_4,106.43023134517627,0.1133035047274642,2024-02-09 20:00:00,True
958,Category_4,71.84559154578984,0.40360100236159124,2024-02-09 21:00:00,True
959,Category_2,107.62865735891253,0.7378849848346062,2024-02-09 22:00:00,True
960,Category_0,98.11236343415017,0.7045544280274453,2024-02-09 23:00:00,True
961,Category_3,66.73576080407028,0.42272863689393225,2024-02-10 00:00:00,True
962,Category_1,124.01680645754679,0.34652416795271823,2024-02-10 01:00:00,True
963,Category_1,90.02636709498572,0.39761237855287057,2024-02-10 02:00:00,False
964,Category_4,82.35675365882526,0.2642762631586393,2024-02-10 03:00:00,True
965,Category_2,103.1745778450875,0.2053329387067998,2024-02-10 04:00:00,False
966,Category_1,122.84596226935457,0.48303969755889,2024-02-10 05:00:00,True
967,Category_0,80.47853907277174,0.2685337560676073,2024-02-10 06:00:00,False
968,Category_4,101.76294776852241,0.2874616648972501,2024-02-10 07:00:00,True
969,Category_3,111.15548009249254,0.6567560634745571,2024-02-10 08:00:00,False
970,Category_4,108.98862112800711,0.9685373316998922,2024-02-10 09:00:00,True
971,Category_3,98.73460126013778,0.6036372005593751,2024-02-10 10:00:00,False
972,Category_4,91.66345504054017,0.07697946706496628,2024-02-10 11:00:00,True
973,Category_4,85.65216034283185,0.07558361385406698,2024-02-10 12:00:00,False
974,Category_4,98.57822032756793,0.951423220845566,2024-02-10 13:00:00,False
975,Category_3,72.51628788917756,0.29729079030733363,2024-02-10 14:00:00,True
976,Category_3,42.7202235984876,0.09206698608247543,2024-02-10 15:00:00,True
977,Category_4,109.2205899059508,0.5990445871503816,2024-02-10 16:00:00,False
978,Category_1,115.88897614879829,0.6236487782902661,2024-02-10 17:00:00,True
979,Category_2,50.761861473981035,0.6485048201186882,2024-02-10 18:00:00,False
980,Category_2,77.85762265514187,0.2674020278575413,2024-02-10 19:00:00,True
981,Category_2,112.60509916555834,0.015110684214475034,2024-02-10 20:00:00,True
982,Category_3,139.8919338553613,0.9650153694544719,2024-02-10 21:00:00,False
983,Category_3,101.40821834236229,0.2508930456911025,2024-02-10 22:00:00,True
984,Category_1,79.70632641124827,0.6760262880525475,2024-02-10 23:00:00,False
985,Category_2,94.62105505749604,0.7066298698787096,2024-02-11 00:00:00,True
986,Category_2,125.2358106951727,0.6100074170794857,2024-02-11 01:00:00,True
987,Category_4,86.56584744452834,0.3129073942136482,2024-02-11 02:00:00,True
988,Category_3,82.93547264018665,0.27109625376406576,2024-02-11 03:00:00,True
989,Category_2,91.94762593017818,0.5976682827027031,2024-02-11 04:00:00,True
990,Category_1,77.19888667605092,0.8660956336116915,2024-02-11 05:00:00,True
991,Category_1,102.54477749768364,0.9467337289233956,2024-02-11 06:00:00,True
992,Category_2,133.61500686949412,0.10590580440375763,2024-02-11 07:00:00,True
993,Category_3,110.19072500006222,0.15482861259771985,2024-02-11 08:00:00,False
994,Category_1,93.98528661530587,0.9447362587830797,2024-02-11 09:00:00,True
995,Category_4,94.81546076630899,0.7365352283347926,2024-02-11 10:00:00,True
996,Category_1,65.11306404148256,0.8829938248297731,2024-02-11 11:00:00,True
997,Category_0,112.85787013447059,0.20263263413534316,2024-02-11 12:00:00,True
998,Category_0,100.14001413193459,0.5875858711094019,2024-02-11 13:00:00,False
999,Category_3,96.37923368923936,0.7011395944174736,2024-02-11 14:00:00,True
1000,Category_2,166.22923418625533,0.6801118854469727,2024-02-11 15:00:00,True
